chrom	pos	h1_REF	h1_ALT	h2_REF	h2_ALT
chr16	28001381	11	4	3	12
chr16	28002344	11	5	3	12
chr16	28003018	12	4	3	13
chr16	28003088	12	4	3	11
chr16	28004801	13	4	3	9
chr16	28005275	12	4	3	10
chr16	28005283	11	4	2	10
chr16	28005765	11	4	6	7
chr16	28005920	12	4	4	10
chr16	28007874	14	5	3	13
chr16	28010290	4	15	16	3
chr16	28011735	0	18	1	14
chr16	28012440	0	19	1	17
chr16	28013372	0	18	0	17
chr16	28013749	0	17	0	18
chr16	28013896	1	16	0	18
chr16	28014781	0	15	0	17
chr16	28015198	0	14	0	16
chr16	28015686	0	13	2	14
chr16	28021192	0	6	0	15
chr16	28021860	0	7	0	14
chr16	28027457	0	13	0	13
chr16	28030804	1	11	0	14
chr16	28031027	9	2	0	12
chr16	28032176	0	11	0	15
chr16	28032451	0	11	0	16
chr16	28033891	2	10	13	0
chr16	28037007	0	7	2	8
chr16	28038253	0	10	0	10
chr16	28039676	0	12	0	12
chr16	28040016	0	12	0	13
chr16	28041642	0	12	0	10
chr16	28041689	0	13	0	13
chr16	28041690	0	13	0	13
chr16	28043411	9	3	2	12
chr16	28043533	4	10	12	2
chr16	28043697	11	3	2	12
chr16	28043857	0	14	0	14
chr16	28044401	0	14	0	14
chr16	28044715	0	15	0	14
chr16	28044844	0	12	1	13
chr16	28045195	8	4	2	12
chr16	28046261	0	12	0	12
chr16	28046973	1	11	0	12
chr16	28047409	0	13	0	12
chr16	28048635	0	13	0	14
chr16	28048695	4	9	13	2
chr16	28048721	4	9	13	2
chr16	28048833	9	3	2	12
chr16	28049155	0	11	2	17
chr16	28049643	4	8	17	2
chr16	28050088	4	10	17	2
chr16	28050100	10	4	2	16
chr16	28050660	3	9	15	2
chr16	28051107	0	12	0	17
chr16	28051778	2	11	15	3
chr16	28052121	11	3	2	14
chr16	28052627	2	11	15	2
chr16	28052904	9	3	2	15
chr16	28052957	0	12	0	16
chr16	28053172	0	12	0	16
chr16	28053506	0	12	0	15
chr16	28054032	0	12	0	15
chr16	28054215	3	9	13	2
chr16	28054254	0	11	0	16
chr16	28054376	2	9	14	2
chr16	28055498	2	10	14	2
chr16	28056466	9	2	2	14
chr16	28059309	5	2	1	10
chr16	28059487	6	3	2	10
chr16	28060087	8	3	1	11
chr16	28060541	8	3	1	11
chr16	28060671	8	3	1	12
chr16	28061349	0	10	1	10
chr16	28061519	6	3	1	10
chr16	28062111	6	3	3	9
chr16	28062118	6	3	1	11
chr16	28062615	6	3	1	10
chr16	28064056	3	5	12	1
chr16	28064339	3	5	12	1
chr16	28064432	3	6	12	1
chr16	28064578	1	8	0	12
chr16	28065165	0	8	0	12
chr16	28065537	2	7	13	1
chr16	28065696	2	7	13	1
chr16	28067274	2	8	13	0
chr16	28068478	2	8	10	0
chr16	28069174	2	7	10	0
chr16	28069925	2	8	10	0
chr16	28070354	2	8	9	0
chr16	28071097	2	8	10	0
chr16	28071452	2	9	9	0
chr16	28071739	2	9	9	0
chr16	28073225	1	9	9	0
chr16	28073674	1	10	8	1
chr16	28074855	1	10	9	0
chr16	28075133	1	10	9	0
chr16	28075377	5	4	9	0
chr16	28075434	3	9	9	0
chr16	28075549	2	8	9	0
chr16	28078295	0	13	0	11
chr16	28079847	0	14	1	10
chr16	28082353	3	12	11	0
chr16	28082995	3	11	12	0
chr16	28083041	2	12	12	0
chr16	28084785	3	12	11	1
chr16	28085318	3	12	13	0
chr16	28086323	3	13	14	0
chr16	28086705	3	13	14	1
chr16	28087188	3	10	14	0
chr16	28089243	3	12	14	0
chr16	28089324	3	12	14	0
chr16	28089766	3	12	16	0
chr16	28090564	3	12	16	0
chr16	28092158	4	14	17	0
chr16	28093208	4	16	15	0
chr16	28095858	0	20	0	17
chr16	28097207	18	2	0	19
chr16	28097421	18	2	0	17
chr16	28102855	0	19	0	16
chr16	28103245	0	23	0	16
chr16	28104305	3	23	17	0
chr16	28105034	2	24	15	1
chr16	28105631	23	2	1	17
chr16	28105790	2	23	18	1
chr16	28108236	0	22	0	16
chr16	28108639	19	2	1	15
chr16	28108662	2	19	15	1
chr16	28108855	1	20	0	16
chr16	28109333	2	19	12	2
chr16	28109805	0	19	0	13
chr16	28110478	2	16	13	1
chr16	28111905	17	2	1	13
chr16	28112169	2	17	13	1
chr16	28112249	3	16	12	1
chr16	28112419	2	17	13	1
chr16	28112760	17	2	1	13
chr16	28115297	0	18	0	14
chr16	28118934	0	15	0	11
chr16	28119092	0	15	0	11
chr16	28119461	0	13	0	11
chr16	28119645	3	9	10	1
chr16	28120189	10	1	1	9
chr16	28121240	1	11	0	12
chr16	28121630	10	1	1	10
chr16	28121831	10	1	1	11
chr16	28124121	1	11	0	12
chr16	28125267	11	1	3	11
chr16	28125927	12	0	3	10
chr16	28127756	14	0	2	9
chr16	28130609	3	14	7	3
chr16	28132168	0	12	0	9
chr16	28136421	0	15	8	2
chr16	28136611	15	0	2	8
chr16	28136672	0	17	9	2
chr16	28136845	0	17	0	11
chr16	28138124	19	0	2	8
chr16	28138215	0	19	8	2
chr16	28138351	0	19	9	2
chr16	28138849	0	16	0	11
chr16	28140633	0	21	0	13
chr16	28141317	0	23	0	13
chr16	28141942	0	22	0	12
chr16	28142703	22	0	3	10
chr16	28145133	0	25	0	14
chr16	28145455	3	21	0	15
chr16	28145484	24	0	3	12
chr16	28146030	0	21	0	15
chr16	28147672	0	22	0	12
chr16	28148860	21	0	3	9
chr16	28151665	20	0	3	9
chr16	28152323	0	22	0	12
chr16	28153257	21	0	2	13
chr16	28153588	0	20	14	1
chr16	28154286	0	19	15	1
chr16	28156593	0	16	17	2
chr16	28158223	1	16	20	2
chr16	28160504	8	0	1	21
chr16	28160984	14	0	2	20
chr16	28161307	14	0	5	16
chr16	28161710	0	14	20	2
chr16	28162088	14	0	2	21
chr16	28162713	14	0	2	20
chr16	28162963	14	0	2	21
chr16	28163509	0	14	0	23
chr16	28164087	1	14	25	1
chr16	28165944	0	15	24	3
chr16	28168432	0	13	0	27
chr16	28168641	0	13	26	2
chr16	28169165	13	0	2	27
chr16	28169985	0	12	0	28
chr16	28170057	13	0	2	26
chr16	28170355	0	13	24	4
chr16	28171044	0	12	0	27
chr16	28171469	1	7	24	2
chr16	28172194	0	10	0	25
chr16	28172426	9	1	2	23
chr16	28172458	0	10	0	28
chr16	28176316	0	13	24	2
chr16	28178252	14	1	2	21
chr16	28178459	0	15	0	24
chr16	28179016	0	15	0	24
chr16	28180653	0	15	0	22
chr16	28182339	15	2	3	16
chr16	28185357	2	15	19	3
chr16	28187191	1	15	20	2
chr16	28188151	1	15	17	2
chr16	28188410	1	13	1	15
chr16	28188558	14	2	2	15
chr16	28189239	2	13	15	1
chr16	28189732	1	12	15	2
chr16	28192630	0	16	0	11
chr16	28195036	1	13	14	1
chr16	28197235	16	2	1	15
chr16	28197447	2	15	16	1
chr16	28197989	0	10	0	13
chr16	28198134	1	18	0	15
chr16	28198404	17	2	0	14
chr16	28198582	0	19	0	15
chr16	28198763	17	2	0	15
chr16	28199655	1	15	18	0
chr16	28200164	1	13	0	12
chr16	28202103	16	1	1	17
chr16	28203501	15	0	1	18
chr16	28204213	0	14	0	18
chr16	28204372	0	11	19	1
chr16	28205284	15	0	1	17
chr16	28205353	0	15	16	1
chr16	28205633	15	0	2	16
chr16	28206475	16	0	1	15
chr16	28206512	0	16	15	1
chr16	28207383	0	14	16	1
chr16	28207655	14	1	2	15
chr16	28208715	0	12	0	17
chr16	28210173	0	13	14	1
chr16	28212322	0	15	0	18
chr16	28213036	13	0	1	16
chr16	28213037	13	0	1	16
chr16	28214495	0	14	15	1
chr16	28215422	1	15	16	1
chr16	28216145	16	0	1	16
chr16	28216456	16	0	1	12
chr16	28217310	0	13	13	1
chr16	28218827	14	0	1	12
chr16	28220295	1	14	0	12
chr16	28220668	3	9	11	0
chr16	28221367	14	0	2	10
chr16	28221488	14	0	2	10
chr16	28221901	0	14	10	2
chr16	28223087	13	1	2	11
chr16	28223121	13	0	7	5
chr16	28223402	13	1	2	11
chr16	28223763	13	1	2	11
chr16	28223926	12	1	2	10
chr16	28224651	0	12	2	12
chr16	28226381	11	1	2	12
chr16	28228614	2	9	12	4
chr16	28230156	10	2	2	15
chr16	28230243	10	2	7	10
chr16	28230621	10	2	2	15
chr16	28231119	2	10	17	2
chr16	28231150	0	12	0	19
chr16	28231394	10	2	2	17
chr16	28231968	2	9	16	2
chr16	28232006	0	11	0	17
chr16	28232606	2	11	16	2
chr16	28233016	2	11	13	3
chr16	28233706	11	2	3	13
chr16	28235015	2	10	14	3
chr16	28235347	2	10	13	2
chr16	28235553	2	11	14	2
chr16	28236344	11	2	2	14
chr16	28236385	10	3	3	15
chr16	28236426	2	11	15	2
chr16	28236561	12	2	3	15
chr16	28236579	0	14	0	18
chr16	28236580	0	14	0	18
chr16	28236751	1	13	1	17
chr16	28236876	2	11	16	3
chr16	28236942	13	1	3	15
chr16	28237079	0	14	0	17
chr16	28237205	0	14	0	19
chr16	28237369	0	14	1	17
chr16	28237609	0	14	0	19
chr16	28238590	12	2	3	16
chr16	28238665	0	14	0	18
chr16	28238931	12	1	3	15
chr16	28239212	13	1	4	15
chr16	28239686	2	13	17	3
chr16	28239956	15	2	4	15
chr16	28240172	0	17	0	19
chr16	28240535	3	14	17	3
chr16	28240558	2	14	17	3
chr16	28240892	3	13	16	5
chr16	28240896	3	13	18	3
chr16	28241014	13	3	3	18
chr16	28241061	13	2	3	17
chr16	28242000	2	11	18	3
chr16	28242148	3	10	16	5
chr16	28242485	0	14	1	17
chr16	28243062	0	14	0	16
chr16	28243306	3	11	14	3
chr16	28243807	0	12	0	17
chr16	28243925	3	10	14	2
chr16	28244318	3	9	13	3
chr16	28244335	2	9	13	3
chr16	28244376	3	9	12	3
chr16	28244378	10	1	4	11
chr16	28245477	3	9	13	2
chr16	28245897	10	3	3	13
chr16	28246034	0	13	0	16
chr16	28246830	2	10	13	3
chr16	28247006	0	12	0	16
chr16	28247063	2	10	13	3
chr16	28247097	2	10	13	3
chr16	28248252	1	9	13	2
chr16	28248277	10	1	2	13
chr16	28248680	1	9	13	2
chr16	28248824	9	1	2	13
chr16	28248945	1	9	13	2
chr16	28249115	1	9	0	14
chr16	28249224	9	1	2	13
chr16	28249317	1	9	13	2
chr16	28249949	1	9	12	2
chr16	28250190	1	9	12	2
chr16	28251535	1	8	15	2
chr16	28252041	1	8	15	1
chr16	28252156	1	8	15	2
chr16	28252191	1	7	13	2
chr16	28252570	1	8	13	2
chr16	28252622	7	1	2	12
chr16	28252824	7	1	1	13
chr16	28252889	1	7	14	2
chr16	28253351	1	8	14	2
chr16	28253532	1	8	14	2
chr16	28254381	0	6	0	17
chr16	28255182	0	8	0	16
chr16	28255287	0	8	15	2
chr16	28256435	0	8	15	1
chr16	28257486	0	8	12	1
chr16	28257592	0	8	11	1
chr16	28257677	0	8	0	13
chr16	28258208	0	8	12	2
chr16	28259138	0	8	0	10
chr16	28261052	1	8	13	1
chr16	28261303	1	8	12	1
chr16	28261776	1	8	9	2
chr16	28262258	9	1	1	10
chr16	28263171	0	10	0	10
chr16	28263453	9	1	2	8
chr16	28263483	9	1	2	9
chr16	28263998	0	10	0	11
chr16	28264921	8	1	0	8
chr16	28266748	2	7	8	1
chr16	28266759	1	7	8	1
chr16	28267181	1	5	8	1
chr16	28267515	0	7	0	9
chr16	28268717	7	1	1	8
chr16	28270949	0	9	0	9
chr16	28271966	1	7	10	1
chr16	28272117	1	8	10	1
chr16	28273601	0	10	0	11
chr16	28274454	1	9	12	0
chr16	28275156	9	1	3	10
chr16	28275570	0	9	0	12
chr16	28276953	0	11	0	13
chr16	28276961	1	10	12	1
chr16	28276962	1	10	12	1
chr16	28277230	1	9	12	1
chr16	28277922	9	1	1	10
chr16	28278861	1	10	12	0
chr16	28279918	0	12	0	13
chr16	28280193	1	10	13	1
chr16	28281371	1	11	0	10
chr16	28282927	0	11	11	0
chr16	28282995	0	11	11	0
chr16	28283014	0	11	10	0
chr16	28283174	0	11	10	0
chr16	28283178	0	11	10	0
chr16	28287811	0	13	10	2
chr16	28290166	0	12	10	1
chr16	28293066	0	11	11	3
chr16	28293676	0	12	11	3
chr16	28295666	0	13	11	3
chr16	28296619	0	13	10	2
chr16	28298019	0	12	9	3
chr16	28299590	0	10	9	3
chr16	28307119	1	9	10	2
chr16	28307671	0	10	11	2
chr16	28308564	10	0	2	10
chr16	28312149	0	11	9	2
chr16	28314619	0	7	9	2
chr16	28315059	1	7	9	2
chr16	28315906	0	9	9	2
chr16	28316142	1	8	10	2
chr16	28316905	0	10	11	1
chr16	28319469	1	12	15	1
chr16	28321218	5	9	13	1
chr16	28322913	13	1	4	8
chr16	28324049	0	13	14	1
chr16	28324357	0	13	14	1
chr16	28332369	2	13	18	1
chr16	28340228	2	11	15	0
chr16	28340239	2	11	15	0
chr16	28340886	2	11	17	0
chr16	28341025	2	11	1	17
chr16	28341309	10	1	0	16
chr16	28341422	2	10	18	0
chr16	28341544	9	2	1	17
chr16	28342369	2	9	19	0
chr16	28342766	0	2	1	18
chr16	28342769	0	1	1	18
chr16	28342772	0	1	2	17
chr16	28343030	2	8	20	0
chr16	28343032	2	8	17	0
chr16	28343136	2	8	20	0
chr16	28343164	2	8	20	0
chr16	28343178	2	7	20	0
chr16	28343247	8	2	1	18
chr16	28343671	2	6	19	0
chr16	28344172	2	6	17	0
chr16	28344309	2	6	18	0
chr16	28345145	2	6	18	0
chr16	28345180	2	6	18	0
chr16	28345374	2	5	18	0
chr16	28345386	2	6	18	0
chr16	28345761	6	2	1	16
chr16	28346195	2	6	18	0
chr16	28346277	2	6	18	0
chr16	28346325	2	6	18	0
chr16	28346619	2	6	16	0
chr16	28346782	4	4	15	0
chr16	28346783	3	4	15	0
chr16	28347277	2	6	15	0
chr16	28347369	2	6	15	0
chr16	28347420	2	6	15	0
chr16	28347611	2	6	15	0
chr16	28347834	2	6	15	0
chr16	28348248	2	6	15	0
chr16	28348281	0	1	4	4
chr16	28348503	2	6	15	0
chr16	28348588	4	3	15	0
chr16	28349466	2	6	12	0
chr16	28349515	2	6	12	0
chr16	28349551	6	2	11	0
chr16	28349742	2	6	11	1
chr16	28349781	2	6	12	0
chr16	28349817	2	6	12	0
chr16	28349915	2	6	11	0
chr16	28350124	2	6	12	0
chr16	28350293	2	6	11	0
chr16	28350518	2	6	12	0
chr16	28350588	2	6	12	0
chr16	28351924	2	4	12	0
chr16	28354247	2	2	0	11
chr16	28354892	0	4	0	10
chr16	28361458	0	1	0	10
chr16	28361590	0	1	0	10
chr16	28367905	0	0	0	7
chr16	28369311	0	0	0	4
chr16	28372514	0	0	0	4
chr16	28376141	0	0	0	2
chr16	28387485	0	0	0	1
chr16	28387641	0	0	0	0
chr16	28389010	0	0	0	0
chr16	28389687	0	0	0	0
chr16	28389689	0	0	0	0
chr16	28391865	0	0	0	0
chr16	28410353	0	0	0	0
chr16	28422341	0	0	0	0
chr16	28431636	0	0	0	1
chr16	28431942	0	0	0	0
chr16	28432257	0	0	0	0
chr16	28432259	0	0	0	0
chr16	28432261	0	0	0	1
chr16	28432480	0	0	0	1
chr16	28432782	0	0	0	1
chr16	28441334	0	0	0	1
chr16	28441782	0	0	0	1
chr16	28447673	0	0	0	1
chr16	28447980	0	0	0	1
chr16	28448111	0	0	0	2
chr16	28448386	0	0	0	1
chr16	28448530	0	0	0	2
chr16	28448995	0	0	0	2
chr16	28449094	0	0	0	2
chr16	28449102	0	0	0	2
chr16	28449116	0	0	0	1
chr16	28449316	0	0	0	2
chr16	28450639	0	0	0	2
chr16	28451375	0	0	0	3
chr16	28451630	0	0	1	3
chr16	28451727	0	0	0	4
chr16	28452422	0	1	0	5
chr16	28454690	0	1	0	7
chr16	28455098	0	0	3	1
chr16	28455099	0	0	3	2
chr16	28455237	0	1	6	1
chr16	28455359	1	0	1	6
chr16	28455683	0	1	6	1
chr16	28460620	0	2	8	1
chr16	28465765	2	4	11	1
chr16	28467413	1	7	0	13
chr16	28469170	6	3	1	14
chr16	28469828	8	3	2	12
chr16	28475972	11	3	1	12
chr16	28478021	0	13	1	12
chr16	28488326	0	9	0	4
chr16	28488355	1	10	0	4
chr16	28497395	0	7	0	10
chr16	28501211	5	0	0	12
chr16	28501468	0	5	0	13
chr16	28508879	0	8	0	14
chr16	28517302	0	10	13	1
chr16	28519308	0	10	13	1
chr16	28520135	0	11	0	15
chr16	28520384	2	8	14	1
chr16	28522310	0	12	12	1
chr16	28529803	13	0	2	19
chr16	28533468	0	11	0	20
chr16	28555054	1	18	0	15
chr16	28555612	21	0	2	13
chr16	28559000	0	18	0	12
chr16	28560435	0	20	0	11
chr16	28560700	20	1	2	9
chr16	28564696	0	19	9	1
chr16	28566610	0	17	9	1
chr16	28570821	0	12	0	9
chr16	28581617	0	7	0	7
chr16	28581621	0	7	0	7
chr16	28592072	0	4	0	11
chr16	28593128	1	4	0	11
chr16	28594831	4	2	3	9
chr16	28596296	3	4	9	4
chr16	28598375	6	2	4	8
chr16	28598536	0	8	0	12
chr16	28598642	2	6	11	1
chr16	28598800	0	8	3	9
chr16	28599029	0	5	0	8
chr16	28599034	0	7	0	9
chr16	28599434	2	8	11	1
chr16	28600023	0	9	4	8
chr16	28601117	0	11	0	12
chr16	28601229	1	10	3	8
chr16	28601378	1	10	1	11
chr16	28601960	0	11	0	12
chr16	28602263	0	11	6	6
chr16	28602674	0	11	0	12
chr16	28603151	0	12	4	8
chr16	28604387	0	12	0	13
chr16	28604763	0	12	0	13
chr16	28606164	0	14	0	12
chr16	28606917	0	14	0	12
chr16	28607387	0	14	6	5
chr16	28609149	2	11	4	7
chr16	28609479	2	13	4	9
chr16	28609990	14	0	5	8
chr16	28610833	12	2	1	12
chr16	28610959	13	0	5	8
chr16	28611626	2	11	13	2
chr16	28611636	2	11	13	2
chr16	28611672	1	12	0	15
chr16	28611955	1	9	13	2
chr16	28612028	0	5	0	8
chr16	28612940	0	11	0	14
chr16	28613112	1	10	2	12
chr16	28614165	0	11	0	13
chr16	28614170	0	11	0	12
chr16	28614850	1	9	1	10
chr16	28614866	2	9	1	12
chr16	28614954	1	10	1	12
chr16	28614999	1	10	1	12
chr16	28615069	1	10	1	12
chr16	28615257	0	11	0	13
chr16	28615645	0	10	0	12
chr16	28615683	1	9	0	12
chr16	28615742	0	10	0	12
chr16	28617172	0	10	0	11
chr16	28617979	0	10	0	11
chr16	28618867	1	10	0	10
chr16	28618939	0	11	0	10
chr16	28619741	0	11	0	12
chr16	28620039	0	10	0	12
chr16	28620264	0	10	0	9
chr16	28620438	0	11	0	12
chr16	28620700	0	11	0	12
chr16	28620967	0	11	0	12
chr16	28621180	1	10	0	11
chr16	28628011	15	0	3	13
chr16	28633342	12	1	2	11
chr16	28637483	0	14	0	16
chr16	28638796	0	15	0	16
chr16	28638797	0	15	0	16
chr16	28639605	0	16	0	16
chr16	28639609	0	16	0	16
chr16	28639628	15	1	5	10
chr16	28639701	15	1	3	12
chr16	28639704	15	1	3	12
chr16	28639930	16	1	3	12
chr16	28640160	1	16	12	3
chr16	28640453	1	15	11	3
chr16	28641271	1	14	0	14
chr16	28644183	0	13	0	16
chr16	28644444	4	7	12	2
chr16	28644458	14	1	3	13
chr16	28644461	3	10	9	3
chr16	28644478	2	12	11	3
chr16	28644504	1	12	13	3
chr16	28644505	2	13	13	3
chr16	28644559	1	14	14	3
chr16	28644561	1	14	14	3
chr16	28644571	1	14	13	4
chr16	28644583	1	14	14	3
chr16	28644586	1	14	14	3
chr16	28644947	1	14	14	3
chr16	28645076	1	14	12	3
chr16	28645159	1	14	12	3
chr16	28645173	1	14	12	3
chr16	28646036	12	1	5	11
chr16	28648276	10	1	5	10
chr16	28657044	9	0	6	9
chr16	28658378	0	10	0	15
chr16	28658640	1	9	10	4
chr16	28659487	1	10	4	4
chr16	28659510	0	11	0	8
chr16	28659561	0	11	0	8
chr16	28659580	11	0	4	4
chr16	28659585	0	11	0	8
chr16	28659591	0	11	0	8
chr16	28659695	0	10	1	7
chr16	28659817	10	0	4	4
chr16	28660138	0	11	4	4
chr16	28660150	0	11	4	4
chr16	28660213	11	0	4	4
chr16	28660313	11	0	4	4
chr16	28660352	11	0	4	4
chr16	28661013	11	0	4	4
chr16	28661675	10	0	3	4
chr16	28662190	10	0	3	4
chr16	28662830	9	0	3	4
chr16	28663401	0	9	0	7
chr16	28663657	9	0	3	4
chr16	28664392	9	0	2	4
chr16	28665485	9	0	2	4
chr16	28665613	8	0	2	4
chr16	28665726	8	0	1	4
chr16	28665996	8	0	2	4
chr16	28666284	7	0	2	4
chr16	28666616	6	1	2	4
chr16	28666891	7	0	2	4
chr16	28667380	7	0	2	4
chr16	28667565	7	0	2	4
chr16	28668368	7	0	2	4
chr16	28670216	7	0	1	3
chr16	28674675	0	5	0	3
chr16	28674739	5	0	2	1
chr16	28679498	0	5	0	1
chr16	28685062	3	0	1	0
chr16	28686075	2	0	2	0
chr16	28686696	2	0	2	0
chr16	28687531	2	0	2	0
chr16	28687898	2	0	2	0
chr16	28688279	2	0	2	0
chr16	28688350	2	0	2	0
chr16	28688999	2	0	2	0
chr16	28689275	2	0	2	0
chr16	28689464	2	0	2	0
chr16	28689549	2	0	2	0
chr16	28689865	2	0	2	0
chr16	28689924	2	0	2	0
chr16	28689973	2	0	2	0
chr16	28690545	2	0	2	0
chr16	28690957	2	0	2	0
chr16	28690989	0	2	0	2
chr16	28691001	2	0	2	0
chr16	28691152	2	0	2	0
chr16	28691761	2	0	2	0
chr16	28692048	2	0	2	0
chr16	28692260	0	2	0	2
chr16	28692350	2	0	2	0
chr16	28693952	2	0	1	0
chr16	28694098	2	0	1	0
chr16	28694135	2	0	1	0
chr16	28694316	2	0	1	0
chr16	28695586	3	0	1	0
chr16	28695668	3	0	1	0
chr16	28695719	3	0	1	0
chr16	28695807	3	0	1	0
chr16	28695849	2	0	1	0
chr16	28695920	2	0	1	0
chr16	28696052	2	0	1	0
chr16	28696078	2	0	1	0
chr16	28696691	2	0	1	0
chr16	28696806	2	0	1	0
chr16	28696877	2	0	1	0
chr16	28697763	2	0	1	0
chr16	28697787	2	0	1	0
chr16	28697831	2	0	1	0
chr16	28697896	2	0	1	0
chr16	28698099	2	0	1	0
chr16	28698295	2	0	1	0
chr16	28698364	2	0	1	0
chr16	28698377	2	0	1	0
chr16	28698392	2	0	1	0
chr16	28698413	2	0	1	0
chr16	28698454	2	0	1	0
chr16	28704596	0	3	0	1
chr16	28709440	0	3	0	1
chr16	28710558	6	0	1	0
chr16	28711227	6	0	1	0
chr16	28711383	6	0	1	0
chr16	28711819	6	0	1	0
chr16	28712220	5	0	1	0
chr16	28713047	7	0	1	1
chr16	28716930	8	0	1	2
chr16	28717166	7	0	1	2
chr16	28718004	7	0	1	2
chr16	28722449	8	0	1	2
chr16	28722921	0	9	0	3
chr16	28725614	9	0	1	1
chr16	28725616	9	0	1	1
chr16	28726842	0	9	2	0
chr16	28731373	14	0	0	3
chr16	28732551	14	0	0	4
chr16	28737312	16	0	1	5
chr16	28739946	16	0	1	6
chr16	28740813	16	0	1	6
chr16	28741474	18	0	1	4
chr16	28741885	18	0	1	8
chr16	28742137	17	0	3	5
chr16	28742974	1	15	6	1
chr16	28744712	15	0	2	6
chr16	28745479	15	0	2	7
chr16	28745480	15	0	2	7
chr16	28751572	14	0	3	12
chr16	28753413	14	0	3	12
chr16	28753713	14	0	3	12
chr16	28753845	13	0	3	12
chr16	28753848	12	1	3	12
chr16	28754370	11	0	3	12
chr16	28754665	0	10	0	14
chr16	28755132	10	0	4	12
chr16	28755454	10	0	4	12
chr16	28755822	10	0	3	13
chr16	28756827	11	0	3	13
chr16	28757509	11	0	5	12
chr16	28757809	11	0	5	11
chr16	28758310	12	0	4	13
chr16	28760170	11	0	2	11
chr16	28760616	11	0	2	11
chr16	28760620	11	0	2	11
chr16	28761297	11	0	2	11
chr16	28762853	0	11	0	12
chr16	28763580	12	0	2	7
chr16	28763622	12	0	2	5
chr16	28763658	11	0	2	2
chr16	28766557	11	0	1	7
chr16	28766690	10	0	1	7
chr16	28767085	12	0	1	7
chr16	28767874	11	0	1	8
chr16	28768253	11	0	1	9
chr16	28768714	10	0	1	9
chr16	28769649	9	1	1	8
chr16	28769673	10	0	1	8
chr16	28771246	10	0	1	6
chr16	28771958	9	0	2	6
chr16	28771967	9	0	1	6
chr16	28772163	9	0	1	7
chr16	28772502	9	0	1	7
chr16	28773641	7	0	1	7
chr16	28773771	0	7	7	1
chr16	28773820	7	0	1	7
chr16	28773942	0	6	0	8
chr16	28774055	7	0	1	4
chr16	28774065	6	0	1	6
chr16	28774227	7	1	1	7
chr16	28774275	7	1	1	7
chr16	28774436	7	1	1	7
chr16	28774475	7	1	1	6
chr16	28774510	7	1	1	7
chr16	28774544	7	1	1	7
chr16	28774555	7	1	1	7
chr16	28775117	7	1	1	7
chr16	28775392	7	1	1	7
chr16	28775395	0	8	0	8
chr16	28775534	7	1	1	7
chr16	28775798	7	1	1	7
chr16	28776041	6	1	1	7
chr16	28777451	7	1	2	7
chr16	28777469	6	1	2	7
chr16	28777548	6	1	2	7
chr16	28778172	6	1	2	6
chr16	28778204	6	1	2	6
chr16	28778539	6	1	2	6
chr16	28780185	6	1	2	3
chr16	28780649	6	1	1	4
chr16	28782276	5	1	2	6
chr16	28782544	5	1	2	6
chr16	28784392	6	1	2	6
chr16	28788446	6	2	3	6
chr16	28788726	6	2	2	7
chr16	28789638	2	7	7	2
chr16	28789945	7	2	2	7
chr16	28790074	7	2	2	7
chr16	28790090	7	2	2	7
chr16	28790144	6	2	2	7
chr16	28790901	8	2	3	8
chr16	28791082	8	2	3	8
chr16	28791953	8	2	3	8
chr16	28792078	7	2	3	7
chr16	28792085	8	2	3	7
chr16	28795737	9	2	4	8
chr16	28796131	2	10	8	5
chr16	28796356	10	2	5	7
chr16	28796806	3	10	7	5
chr16	28798154	11	2	5	8
chr16	28798285	11	2	5	10
chr16	28799319	12	2	5	9
chr16	28800947	12	2	5	10
chr16	28802086	12	2	5	9
chr16	28802774	12	2	5	11
chr16	28808111	15	2	4	11
chr16	28808278	15	2	4	11
chr16	28808290	15	2	4	11
chr16	28808327	15	2	4	11
chr16	28808447	15	2	4	11
chr16	28808586	13	2	4	11
chr16	28812434	16	2	4	15
chr16	28814728	15	1	3	16
chr16	28817907	16	1	3	12
chr16	28823100	16	1	0	9
chr16	28824579	16	2	0	10
chr16	28826752	17	2	0	13
chr16	28830990	0	14	0	11
chr16	28832747	13	0	0	9
chr16	28834263	15	0	0	10
chr16	28845498	11	0	0	15
chr16	28852355	9	0	5	7
chr16	28852507	9	0	5	7
chr16	28852513	9	0	2	10
chr16	28852533	9	0	3	7
chr16	28852553	9	0	1	7
chr16	28852580	8	0	0	11
chr16	28852602	9	0	0	12
chr16	28852773	9	0	0	12
chr16	28852785	9	0	0	12
chr16	28852809	8	1	0	12
chr16	28855784	8	0	0	11
chr16	28855830	0	8	0	10
chr16	28857143	9	1	0	10
chr16	28860645	9	0	1	17
chr16	28861467	9	0	0	18
chr16	28869680	11	1	2	17
chr16	28872006	16	0	2	15
chr16	28877088	16	0	3	12
chr16	28881974	17	0	2	14
chr16	28884339	17	0	2	12
chr16	28885680	18	0	2	13
chr16	28888090	1	18	11	2
chr16	28891867	0	18	11	2
chr16	28892335	14	0	1	11
chr16	28893286	14	0	1	8
chr16	28894763	0	14	0	11
chr16	28899988	1	10	0	10
chr16	28902466	0	16	0	10
chr16	28903896	0	14	0	11
chr16	28904112	1	13	10	1
chr16	28904206	0	14	0	11
chr16	28906323	0	14	0	12
chr16	28906425	1	14	12	0
chr16	28908020	0	16	0	13
chr16	28910488	0	17	0	15
chr16	28910545	16	1	0	15
chr16	28910828	0	17	0	15
chr16	28911422	0	17	0	15
chr16	28912200	0	17	0	15
chr16	28914657	0	14	0	10
chr16	28916497	1	12	0	13
chr16	28918351	0	15	0	14
chr16	28920632	13	1	0	17
chr16	28921927	0	16	0	16
chr16	28922147	0	16	0	16
chr16	28922818	13	1	0	16
chr16	28925938	0	13	0	15
chr16	28925954	13	1	0	16
chr16	28929595	2	17	11	0
chr16	28929885	2	17	2	7
chr16	28929887	2	17	2	10
chr16	28929889	1	18	2	10
chr16	28929891	0	19	1	11
chr16	28929893	0	19	0	12
chr16	28930159	18	2	0	12
chr16	28933075	3	20	0	11
chr16	28933379	2	21	12	0
chr16	28934234	1	22	12	0
chr16	28939111	4	20	12	0
chr16	28941317	0	23	0	10
chr16	28943087	3	20	12	0
chr16	28945143	1	22	9	2
chr16	28945849	22	2	1	9
chr16	28945851	23	1	1	8
chr16	28947433	2	21	9	1
chr16	28948156	2	20	5	0
chr16	28951434	2	20	5	1
chr16	28951691	2	20	5	1
chr16	28953395	2	22	5	1
chr16	28955514	23	2	1	3
chr16	28958159	2	23	5	1
chr16	28961946	3	22	5	1
chr16	28961947	0	25	0	6
chr16	28962919	3	21	4	1
chr16	28965699	0	24	0	9
chr16	28966392	4	22	8	1
chr16	28967942	21	2	1	8
chr16	28967976	22	1	2	7
chr16	28969210	3	19	9	1
chr16	28969372	2	16	8	1
chr16	28970190	0	19	0	10
chr16	28971196	19	2	2	9
chr16	28971309	2	19	9	2
chr16	28972615	0	16	0	10
chr16	28973624	3	14	8	2
chr16	28973794	6	13	9	2
chr16	28976197	1	13	9	2
chr16	28976948	0	13	0	11
chr16	28978780	0	10	0	10
chr16	28980679	1	11	11	2
chr16	28981325	1	9	11	2
chr16	28981728	1	7	0	11
chr16	28984436	1	7	0	14
chr16	28986676	8	0	2	10
chr16	28989125	0	7	8	2
chr16	28990139	1	11	0	12
chr16	28991385	1	11	14	2
chr16	28993078	12	0	2	17
chr16	28996168	0	11	14	2
chr16	28996758	0	11	15	2
chr16	28997009	11	0	3	13
chr16	28999976	11	0	2	12
